Country,Year,Emissions,GDP_per_capita,Renewable_Share,Energy_per_capita,Population,Emissions_per_GDP,Emissions_per_capita,Global_Temperature
China,1970,2035.0966345133,,3.0095923,2871.2454,,,,0.0258
China,1971,2088.1108498926,,3.0704048,3320.4941,,,,-0.0808
China,1972,2163.6981185997,,3.227597,3498.7197,,,,0.0083
China,1973,2205.6648241606,,3.417015,3614.6829,,,,0.16
China,1974,2227.9153571195,,3.7493546,3654.5251,,,,-0.0708
China,1975,2409.9806013792,,3.503824,4021.7922,,,,-0.0133
China,1976,2470.7514655646,,3.3725686,4169.278,,,,-0.0992
China,1977,2639.7120369479,,3.2287142,4482.533,,,,0.1775
China,1978,2826.9626694746,,2.7594638,4849.5903,,,,0.0683
China,1979,2868.9423582888,,3.008899,4928.0503,,,,0.1658
China,1980,2843.2881997559,274.623,3.566198,4914.158,981235000.0,,,0.2558
China,1981,2808.234267818,311.621,4.066497,4776.941,993885000.0,,,0.3225
China,1982,2889.1444433112,355.043,4.4212723,4910.6587,1008630000.0,,,0.1367
China,1983,2998.797431939,403.419,4.8234906,5147.26,1023310000.0,,,0.3117
China,1984,3181.0933063203,475.288,4.515455,5444.6426,1036825000.0,,,0.155
China,1985,3187.6011272246,548.661,4.441829,5800.9233,1051040000.0,,,0.1158
China,1986,3322.8422773005,600.133,4.3385277,5979.108,1066790000.0,,,0.18
China,1987,3502.5359316812,675.691,4.2555475,6336.5337,1084035000.0,,,0.3192
China,1988,3687.8822082878,765.774,4.3230724,6691.621,1101630000.0,,,0.3858
China,1989,3806.1678877472,816.88,4.4680266,6907.9116,1118650000.0,,,0.2717
China,1990,3876.3877743805,867.858,4.723668,6880.6626,1135185000.0,2.0751134703403,3.3062286446164,0.445
China,1991,4011.1592752804,965.342,4.4247785,7122.351,1150780000.0,1.9652249596457,3.3730463641168,0.4033
China,1992,4130.2262398851,1115.328,4.4127026,7411.3945,1164970000.0,1.7715639222121,3.4304204650209,0.22
China,1993,4332.0553842382,1285.465,4.75786,7908.6753,1178440000.0,1.6316060454298,3.5592380306444,0.23
China,1994,4518.7825893655,1467.465,4.952474,8323.468,1191835000.0,1.5056459917852,3.6768261656852,0.3133
China,1995,4932.4232426391,1645.122,5.5538197,8498.712,1204855000.0,1.4812179837603,3.9779531611523,0.4442
China,1996,4948.0219112236,1822.365,5.1431327,8880.126,1217550000.0,1.3517719597469,3.9584808646727,0.3283
China,1997,4975.088723659,2004.951,5.361735,8871.482,1230075000.0,1.2442388572117,3.9513996232608,0.4633
China,1998,5071.2448222095,2166.873,5.4277787,8822.785,1241935000.0,1.1760171620012,4.0011715128207,0.605
China,1999,5019.6593117036,2347.032,5.1882854,9069.433,1252735000.0,1.0812155598505,3.9357220907031,0.38
China,2000,5242.7358101886,2583.885,5.656926,9334.936,1262645000.0,1.0408926338959,4.0856731687879,0.3917
China,2001,5436.069915505,2842.035,6.6186247,9797.812,1271850000.0,0.99623378877723,4.2109392500852,0.5325
China,2002,5766.5843118312,3129.014,6.2804885,10602.087,1280400000.0,0.96835873787264,4.4404453177001,0.6267
China,2003,6473.6746499798,3489.524,5.30111,12273.32,1288400000.0,0.98792890012666,4.9555817398073,0.6167
China,2004,7333.7613118833,3922.685,5.60094,14272.745,1296075000.0,1.0163903811218,5.5812066208654,0.5325
China,2005,8191.0859644804,4480.004,5.5544806,16114.158,1303720000.0,1.0190867444746,6.1977618108688,0.675
China,2006,8976.5390565554,5177.731,5.577841,17552.79,1311020000.0,0.9907724720759,6.7532888381485,0.6375
China,2007,9577.6825357923,6044.342,5.7195926,18955.223,1317885000.0,0.92542663393426,7.1646338538243,0.6608
China,2008,9794.6286592605,6717.527,7.2738767,19561.799,1324655000.0,0.86309421766,7.2853934479259,0.5433
China,2009,10409.148340273,7361.46,6.9355316,20281.068,1331260000.0,0.838442272408,7.6986756161096,0.655
China,2010,11262.908311881,8202.144,7.6156235,21551.547,1337705000.0,0.81999755570459,8.2830119373133,0.7233
China,2011,12249.432855392,9114.835,7.083536,23090.885,1345035000.0,0.81407104825264,8.9576687449846,0.6058
China,2012,12601.747102116,9939.057,8.521457,23873.2,1354190000.0,0.77642878450336,9.1635740998517,0.6433
China,2013,13142.524852765,10829.633,8.958172,24600.36,1363240000.0,0.75139327997178,9.5043534106879,0.6733
China,2014,13295.500029221,11753.562,10.227447,25071.705,1371860000.0,0.70759495105178,9.5643510436018,0.7458
China,2015,13118.895551577,12632.798,10.835855,25210.303,1379860000.0,0.65226763901675,9.3905610842837,0.8975
China,2016,13105.715333499,13537.583,11.725009,25164.398,1387790000.0,0.60984545725462,9.3378805368717,1.0133
China,2017,13362.31818392,14655.355,12.291223,25987.383,1396215000.0,0.5813952103177,9.4800486576422,0.92
China,2018,13955.693168511,15915.783,12.862764,27104.984,1402760000.0,0.56881899345601,9.8623605724483,0.8475
China,2019,14275.53131678,17306.842,13.459068,28264.688,1407745000.0,0.54917649948945,10.052751989434,0.9758
China,2020,14497.89871659,18091.31,14.080283,29119.828,1411100000.0,0.54551873208834,10.177190245227,1.0092
China,2021,15175.619086802,20333.063,14.896213,30750.547,1412360000.0,0.52653542635746,10.623613272011,0.8483
China,2022,15159.641989692,22438.863,15.9457655,31220.076,1412175000.0,0.51071537086041,10.587451192298,0.8933
China,2023,15943.986552905,24502.814,16.164698,33266.83,1410710000.0,0.51058865803826,11.113301228225,1.1692
Germany,1970,1325.8315254815,,1.5171293,46120.89,,,,0.0258
Germany,1971,1318.1563674026,,1.1796807,46407.992,,,,-0.0808
Germany,1972,1342.3107806565,,1.1219958,47940.64,,,,0.0083
Germany,1973,1397.2549486869,,1.213714,50686.184,,,,0.16
Germany,1974,1363.4728689556,,1.4188614,49834.656,,,,-0.0708
Germany,1975,1299.1766879967,,1.4353293,47948.027,,,,-0.0133
Germany,1976,1362.3050369689,,1.1208524,51259.42,,,,-0.0992
Germany,1977,1338.2257296425,,1.3967295,51228.902,,,,0.1775
Germany,1978,1379.966380336,,1.4089609,53184.246,,,,0.0683
Germany,1979,1433.4600778146,,1.3454018,56251.914,,,,0.1658
Germany,1980,1379.8040859052,12003.464,1.4781907,54498.168,78288576.0,,,0.2558
Germany,1981,1342.8176374461,13128.892,1.5739785,52870.703,78407907.0,,,0.3225
Germany,1982,1292.2227736808,13840.176,1.6178513,51056.168,78333366.0,,,0.1367
Germany,1983,1305.1323813698,14656.853,1.4992614,51807.598,78128282.0,,,0.3117
Germany,1984,1322.2004375429,15678.333,1.4371842,53720.09,77858685.0,,,0.155
Germany,1985,1322.3881633668,16569.585,1.3216146,55260.105,77684873.0,,,0.1158
Germany,1986,1311.0628922872,17299.89,1.4105302,54684.992,77720436.0,,,0.18
Germany,1987,1299.4250687174,17985.846,1.5094992,54951.07,77839920.0,,,0.3192
Germany,1988,1291.5567055146,19198.78,1.5009328,54866.223,78144619.0,,,0.3858
Germany,1989,1278.614413174,20527.236,1.3991727,53983.547,78751283.0,,,0.2717
Germany,1990,1235.8734753387,22090.714,1.3369406,52823.883,79433029.0,0.36546859219264,15.620576722942,0.445
Germany,1991,1210.5872338878,23675.121,1.2709582,51259.914,80013896.0,0.34059266105853,15.215167994367,0.4033
Germany,1992,1147.1962393242,24540.969,1.520455,49988.61,80624598.0,0.31666815093547,14.331676448404,0.22
Germany,1993,1133.7637480124,24738.95,1.5835444,49538.95,81156363.0,0.31604760211319,14.080505960777,0.23
Germany,1994,1119.9064759889,25859.594,1.7396334,48888.086,81438348.0,0.30489206449755,13.837793626533,0.3133
Germany,1995,1111.8679820974,26747.917,1.8891901,48996.98,81678051.0,0.29810049395986,13.686112388356,0.4442
Germany,1996,1139.1671556428,27464.266,1.6823944,50501.87,81914831.0,0.30297814842258,13.990162338739,0.3283
Germany,1997,1100.8719221226,28441.571,1.8035166,49771.383,82034771.0,0.28763803539311,13.50764752009,0.4633
Germany,1998,1080.8582149307,29389.265,1.9705647,49305.88,82047195.0,0.27683357156809,13.262194167927,0.605
Germany,1999,1039.4905258402,30447.833,2.2275858,48598.668,82100243.0,0.26130677829032,12.757365170054,0.38
Germany,2000,1035.3782513489,32020.94,2.8871114,48903.7,82211508.0,0.25290710906678,12.705929615831,0.3917
Germany,2001,1043.9911077745,33251.964,2.9411676,49841.387,82349925.0,0.25079391153133,12.804082473889,0.5325
Germany,2002,1024.4592866869,33666.354,3.5386324,49257.79,82488495.0,0.2465900421016,12.552817501944,0.6267
Germany,2003,1026.9516653382,34159.366,3.6419902,49300.902,82534176.0,0.24893278415083,12.571865183822,0.6167
Germany,2004,1010.2559734569,35529.052,4.516598,49342.406,82516260.0,0.24204155176008,12.363058426434,0.5325
Germany,2005,983.69810891969,37021.162,5.208511,48793.613,82469422.0,0.2339667507563,12.044614367362,0.675
Germany,2006,990.36925343432,39716.227,6.0263686,50043.066,82376451.0,0.22689415905934,12.145749265816,0.6375
Germany,2007,962.41125376581,42063.619,7.6538005,47958.113,82266372.0,0.21411590169611,11.831300871796,0.6608
Germany,2008,961.55460639232,43386.427,7.817749,48446.047,82110097.0,0.21189141451991,11.851891281772,0.5433
Germany,2009,896.29659874069,41376.37,8.454232,45436.254,81902307.0,0.20943587597295,11.070091480094,0.655
Germany,2010,942.52635004742,43723.628,8.792499,47305.836,81776930.0,0.2114019390334,11.651260032133,0.7233
Germany,2011,913.72119325713,46310.615,10.566928,45571.484,80274983.0,0.19720064254415,11.289707579721,0.6058
Germany,2012,924.7270490013,47305.297,11.899734,46132.684,80425823.0,0.19874420269948,11.407060513522,0.6433
Germany,2013,941.91487547532,48164.52,12.063284,47361.52,80645605.0,0.20155625240451,11.590644390708,0.6733
Germany,2014,902.5303390662,49859.442,13.335284,45327.605,80982500.0,0.18895351735502,11.07539160245,0.7458
Germany,2015,907.52011941403,50714.424,14.878483,46066.906,81686611.0,0.18720520302727,11.10689700878,0.8975
Germany,2016,910.0183072112,51947.703,14.665688,46658.38,82348669.0,0.18362568211324,11.109340658163,1.0133
Germany,2017,893.89041919691,54110.278,16.26483,47057.95,82657002.0,0.17566317891398,10.885942007557,0.92
Germany,2018,861.88918243504,56273.259,17.168362,45691.598,82905782.0,0.16772863694241,10.473362207096,0.8475
Germany,2019,808.78970788765,59270.69,18.82998,44436.824,83092962.0,0.15572044184544,9.8108085928935,0.9758
Germany,2020,749.79971307093,58685.778,21.123863,41328.74,83160871.0,0.15010704418139,9.0840274443734,1.0092
Germany,2021,783.48862532211,62950.306,19.06692,42496.61,83196078.0,0.15204112844403,9.4864829316153,0.8483
Germany,2022,761.98352337759,67869.332,21.36138,40938.07,83797985.0,0.14524450253225,9.2258756704959,0.8933
Germany,2023,681.81032815187,69531.553,24.394201,38052.27,83280000.0,0.13035990517317,8.2587616666489,1.1692
India,1970,792.81136324023,,11.78412,1369.9354,,,,0.0258
India,1971,796.80961454258,,12.426771,1393.6621,,,,-0.0808
India,1972,807.24941840224,,11.463117,1434.1183,,,,0.0083
India,1973,814.63371327107,,11.957463,1431.4932,,,,0.16
India,1974,836.01464341162,,10.860853,1482.6228,,,,-0.0708
India,1975,866.62533893952,,12.067703,1558.8988,,,,-0.0133
India,1976,889.05948835615,,12.0367985,1599.2654,,,,-0.0992
India,1977,907.69883342561,,12.415875,1654.6627,,,,0.1775
India,1978,911.03592403572,,14.818278,1682.4658,,,,0.0683
India,1979,938.45517149186,,13.540278,1736.4575,,,,0.1658
India,1980,962.24501299011,525.894,13.453118,1748.7792,687354025.0,,,0.2558
India,1981,1010.6462631888,596.496,12.948172,1892.7515,703696250.0,,,0.3225
India,1982,1033.2169234843,640.717,11.035111,1832.2887,720313473.0,,,0.1367
India,1983,1081.5372244943,698.386,10.110921,1883.8833,737372681.0,,,0.3117
India,1984,1134.034827447,734.429,10.576084,1967.3982,754875449.0,,,0.155
India,1985,1162.6862376478,779.732,9.670784,2030.4757,772647793.0,,,0.1158
India,1986,1223.9678354689,815.005,9.167619,2125.1223,790689978.0,,,0.18
India,1987,1256.4227707835,849.33,8.030696,2210.1482,808931270.0,,,0.3192
India,1988,1323.812806912,943.112,8.2299185,2353.6423,827342990.0,,,0.3858
India,1989,1379.9932833969,1016.101,8.742306,2515.7063,846039529.0,,,0.2717
India,1990,1383.0638413385,1088.893,8.54283,2643.1104,864972221.0,0.72576594189711,1.589485562941,0.445
India,1991,1439.7756983584,1113.957,9.029866,2730.9583,883927600.0,0.74762448910375,1.6212686132711,0.4033
India,1992,1470.6195638281,1177.137,8.140624,2812.7422,902957070.0,0.72395076717077,1.623162778598,0.22
India,1993,1501.711867648,1236.697,8.035936,2824.2505,922118387.0,0.70572915055299,1.6251272838371,0.23
India,1994,1554.5607536724,1320.264,8.667226,2916.78,941163767.0,0.68495484919325,1.6499195011616,0.3133
India,1995,1616.6090610813,1421.442,7.6867676,3072.884,960301044.0,0.66214019251796,1.6831209517309,0.4442
India,1996,1662.7697709175,1526.662,6.7896338,3134.0286,979678458.0,0.63324034522802,1.6986225980955,0.3283
India,1997,1717.4416373267,1585.165,6.5708995,3244.4333,999133762.0,0.62860395245545,1.7219099937605,0.4633
India,1998,1746.4987636662,1670.287,7.3818192,3377.1096,1018665080.0,0.60200849571443,1.7190456053488,0.605
India,1999,1813.9303045334,1809.978,7.1308775,3408.3252,1038225823.0,0.5744383627092,1.7533689413009,0.38
India,2000,1845.4521973679,1887.37,6.398104,3515.7441,1057922733.0,0.56280353245762,1.7524829755167,0.3917
India,2001,1869.3095509585,1986.707,6.0226192,3467.0754,1077898575.0,0.54384438775655,1.7446051731796,0.5325
India,2002,1896.9394985747,2057.444,5.529273,3524.3215,1097600380.0,0.53165869395714,1.7406148765149,0.6267
India,2003,1947.2793529787,2224.294,5.445053,3587.4846,1116803006.0,0.50599444329857,1.7574247565307,0.6167
India,2004,2049.4915056878,2424.178,7.278265,3830.6672,1135991513.0,0.49345761697279,1.819926035562,0.5325
India,2005,2120.8928852555,2655.356,6.731385,3991.22,1154676322.0,0.47315858853925,1.8537328997443,0.675
India,2006,2225.1031781091,2913.145,7.539817,4141.057,1172878890.0,0.45937804904991,1.9149238180598,0.6375
India,2007,2368.3281024425,3174.395,7.681195,4428.8447,1190676021.0,0.4541551986799,2.0076021484153,0.6608
India,2008,2480.1384860865,3288.308,7.093329,4621.1714,1207930964.0,0.46135552312119,2.0717023648552,0.5433
India,2009,2628.271573572,3519.405,6.352798,4896.7437,1225524753.0,0.45327525321304,2.1644869539493,0.655
India,2010,2747.617773418,3812.002,6.450954,5038.8984,1243481564.0,0.43674507665604,2.2320572011065,0.7233
India,2011,2874.4818432957,4039.199,7.426478,5241.9365,1261224954.0,0.43415519270576,2.3046741952597,0.6058
India,2012,3056.212704392,4281.486,6.692072,5452.142,1278674502.0,0.43771972366948,2.419670093021,0.6433
India,2013,3095.9141407354,4572.709,7.3276463,5560.02,1295829511.0,0.41678927307263,2.4214070053305,0.6733
India,2014,3270.3702489224,4935.502,7.3362403,5862.7075,1312277191.0,0.40990093744402,2.5276075069346,0.7458
India,2015,3302.4875519042,5316.103,7.1391196,5994.3154,1328024498.0,0.38327852522476,2.5228123844805,0.8975
India,2016,3355.6479276836,5741.261,6.973517,6189.1133,1343944296.0,0.35974642304459,2.534151904728,1.0133
India,2017,3498.4020720892,6169.499,7.4859,6351.181,1359657400.0,0.35118611611087,2.612346415037,0.92
India,2018,3661.865795595,6742.708,7.9542136,6638.485,1374659064.0,0.34530960763907,2.7043763388954,0.8475
India,2019,3642.4104433599,7181.522,8.904294,6736.5117,1389030312.0,0.33067318704858,2.6611460625321,0.9758
India,2020,3433.6189835655,6997.36,9.739235,6322.2974,1402617695.0,0.33083283963465,2.4823775025071,1.0092
India,2021,3679.8617761938,8087.994,9.488208,6809.693,1414203896.0,0.32323813631806,2.6333198868158,0.8483
India,2022,3897.2089896012,9207.162,10.273168,7129.11,1425423212.0,0.31997320725773,2.7612070082868,0.8933
India,2023,4133.5543557465,10233.445,9.676426,7586.1997,1438069596.0,0.31545397254504,2.900418308529,1.1692
Indonesia,1970,206.33255085151,,11.57067,928.20734,,,,0.0258
Indonesia,1971,208.9691030724,,4.00115,861.0434,,,,-0.0808
Indonesia,1972,215.297055112,,3.3738363,889.41034,,,,0.0083
Indonesia,1973,230.63659914304,,3.7743795,977.2646,,,,0.16
Indonesia,1974,237.27106781751,,3.9022937,1020.7835,,,,-0.0708
Indonesia,1975,236.96780789492,,3.3421185,1218.8125,,,,-0.0133
Indonesia,1976,244.67468200262,,1.86724,1248.6306,,,,-0.0992
Indonesia,1977,269.75426816335,,2.34783,1610.9282,,,,0.1775
Indonesia,1978,287.21722975999,,1.49063,1768.873,,,,0.0683
Indonesia,1979,292.52741798744,,1.4562845,1965.9764,,,,0.1658
Indonesia,1980,296.26307647049,1108.676,1.2272301,2062.4712,148950540.0,,,0.2558
Indonesia,1981,305.86660734353,1280.542,1.1406815,2160.0718,152485035.0,,,0.3225
Indonesia,1982,296.21775335664,1363.269,1.2204517,2152.163,156052152.0,,,0.1367
Indonesia,1983,303.82117424374,1447.441,1.7323705,2228.0264,159651381.0,,,0.3117
Indonesia,1984,316.39658463107,1582.002,1.7180939,2399.01,163251124.0,,,0.155
Indonesia,1985,323.54187733058,1662.898,1.9808587,2490.9849,166776185.0,,,0.1158
Indonesia,1986,339.563160684,1783.078,2.9868257,2607.531,170175065.0,,,0.18
Indonesia,1987,340.73795209151,1909.607,2.9112308,2699.753,173511154.0,,,0.3192
Indonesia,1988,352.44819305454,2073.928,3.0289974,2796.916,176855065.0,,,0.3858
Indonesia,1989,364.11363592783,2305.48,3.4081194,3044.827,180201630.0,,,0.2717
Indonesia,1990,397.09882873098,2556.535,3.7318628,3294.7917,183501098.0,0.44351187575063,2.1886320244578,0.445
Indonesia,1991,415.91579206801,2832.017,3.81247,3522.5188,186778238.0,0.43504997980031,2.2528696971033,0.4033
Indonesia,1992,435.41575965211,3035.156,4.4085426,3801.7942,190043744.0,0.42765981798442,2.3189275990294,0.22
Indonesia,1993,452.58457757906,3299.565,3.8476534,3983.7983,193305168.0,0.41740638986208,2.3710424223547,0.23
Indonesia,1994,469.85394489742,3565.002,3.5212233,4102.256,196591828.0,0.40295106189009,2.4226143751802,0.3133
Indonesia,1995,500.40928946745,3874.674,3.5392694,4392.264,199888057.0,0.39655847062002,2.5406903479101,0.4442
Indonesia,1996,524.04910422833,4205.51,3.5088153,4633.9023,203204348.0,0.38517831207957,2.6213595988401,0.3283
Indonesia,1997,547.17341010393,4427.95,2.4772785,4948.9565,206536095.0,0.38412152839245,2.6977478729401,0.4633
Indonesia,1998,545.82796357302,3845.525,4.0149045,4789.7163,209826788.0,0.44107582320894,2.6533082675777,0.605
Indonesia,1999,558.10104863858,3885.913,3.852458,5151.666,213004668.0,0.4474536067062,2.6752937187918,0.38
Indonesia,2000,562.89331215218,4124.152,3.733831,5435.1587,216077790.0,0.43013293843582,2.6609308505511,0.3917
Indonesia,2001,586.90539722919,4309.204,4.1125903,5740.15,219097902.0,0.43271583235945,2.7360664097955,0.5325
Indonesia,2002,595.47049648977,4508.776,3.6303015,5816.885,222088495.0,0.42012722027768,2.7376946898472,0.6267
Indonesia,2003,626.44279303966,4749.843,3.1624913,6226.767,225048008.0,0.42181504446833,2.8404307192766,0.6167
Indonesia,2004,640.79131337395,5050.913,3.3661623,6089.4717,227926649.0,0.41080931693139,2.8656007574356,0.5325
Indonesia,2005,649.49933171184,5428.429,3.4541986,6188.735,230871650.0,0.39396524775352,2.8648526185611,0.675
Indonesia,2006,683.98519794957,5820.651,3.1702235,6213.2007,233951652.0,0.39325072398543,2.9759447869785,0.6375
Indonesia,2007,709.12087350592,6268.284,3.31408,6581.411,237062337.0,0.38337689045426,3.0435809137166,0.6608
Indonesia,2008,712.7127993248,6767.976,3.5247178,6571.2695,240157903.0,0.3634613308556,3.0179362180768,0.5433
Indonesia,2009,744.3072076399,7029.645,3.6053057,6665.187,243220028.0,0.36278083747197,3.1098320700255,0.655
Indonesia,2010,781.99026960549,7462.433,4.3475184,7123.851,246305322.0,0.35881567610136,3.2243830285064,0.7233
Indonesia,2011,880.62351485244,7940.979,3.431125,7431.6963,249470032.0,0.38059177870385,3.5840245936332,0.6058
Indonesia,2012,899.99443402278,8456.574,3.5263355,7576.4053,252698525.0,0.36684278289031,3.6161346255983,0.6433
Indonesia,2013,864.85303026412,8954.663,4.4679456,7145.6704,255852467.0,0.33395991630842,3.4315207206391,0.6733
Indonesia,2014,907.28361907835,9439.798,4.608102,7179.4966,258877399.0,0.33364008425197,3.5561480928556,0.7458
Indonesia,2015,907.31526363061,9873.843,3.9044187,7202.4644,261799249.0,0.31813827349061,3.5145190370024,0.8975
Indonesia,2016,902.77140476386,10335.112,5.6316724,7243.88,264627418.0,0.30137653888936,3.4573709084651,1.0133
Indonesia,2017,957.37305784606,10932.638,5.4710994,7439.3833,267346658.0,0.30418304344042,3.6265367298357,0.92
Indonesia,2018,1055.3390194771,11621.366,7.7867928,8056.51,269951846.0,0.31881313055306,3.9556179785584,0.8475
Indonesia,2019,1108.7776968634,12236.943,8.279649,8530.325,272489381.0,0.3189478047137,4.1136460958311,0.9758
Indonesia,2020,1050.3391537597,11929.526,10.217818,7959.1304,274814866.0,0.3085098488286,3.8583778884173,1.0092
Indonesia,2021,1077.0778380344,12947.903,10.79372,8087.7715,276758053.0,0.30506734794009,3.9187271716418,0.8483
Indonesia,2022,1152.7260121441,14446.108,9.899512,10132.153,278830529.0,0.3100385948998,4.1550906087918,0.8933
Indonesia,2023,1200.1997867973,15553.573,10.446613,10116.714,281190067.0,0.30729464076921,4.2874384204751,1.1692
Iran,1970,220.71084596192,,4.4152985,5836.307,,,,0.0258
Iran,1971,226.30046495117,,4.3325543,6213.1084,,,,-0.0808
Iran,1972,249.44939851432,,5.018947,6848.4463,,,,0.0083
Iran,1973,289.42124350854,,3.5577044,7955.319,,,,0.16
Iran,1974,301.59054427632,,3.4556205,8761.964,,,,-0.0708
Iran,1975,288.00544900502,,3.1140482,9911.1,,,,-0.0133
Iran,1976,320.94086706505,,3.0952492,10829.121,,,,-0.0992
Iran,1977,322.68968379257,,2.8250146,11897.395,,,,0.1775
Iran,1978,309.2917659872,,4.5260034,11270.636,,,,0.0683
Iran,1979,250.61944170887,,3.6342711,11771.765,,,,0.1658
Iran,1980,189.38569837038,4241.316,4.064726,10541.231,39842324.0,,,0.2558
Iran,1981,185.00362775299,4213.506,4.4219165,10068.537,41989312.0,,,0.3225
Iran,1982,231.3840489533,5303.459,4.111237,10822.304,44272141.0,,,0.1367
Iran,1983,255.67683525118,5891.988,3.3884645,12403.508,46029535.0,,,0.3117
Iran,1984,248.53989619164,5455.761,2.9317567,12934.148,47793998.0,,,0.155
Iran,1985,262.53204556148,5517.856,2.7088299,13623.729,49582289.0,,,0.1158
Iran,1986,247.48567303949,4887.339,3.4556096,12333.542,51446045.0,,,0.18
Iran,1987,264.07874162493,4879.726,3.5734787,12796.608,53323493.0,,,0.3192
Iran,1988,265.86393247963,4630.584,3.6968005,12656.989,55072694.0,,,0.3858
Iran,1989,295.56578655434,4984.536,2.7610445,13439.815,56704914.0,,,0.2717
Iran,1990,332.71568607946,5732.984,2.6902497,14540.782,58380092.0,0.62997576232243,5.9174492688365,0.445
Iran,1991,377.44211068255,6520.128,1.8835832,15178.739,59986931.0,0.63403725362826,6.5784429388547,0.4033
Iran,1992,401.45336520961,6789.073,2.7959177,16395.33,61184983.0,0.65284140344641,6.8906375173935,0.22
Iran,1993,399.85356093343,6748.638,3.4577887,15073.914,61403543.0,0.65994771662894,6.7781899831403,0.23
Iran,1994,438.84224100075,6677.772,2.021462,16816.41,61520598.0,0.73681065395658,7.347702071671,0.3133
Iran,1995,439.54303415171,6880.493,2.326306,17401.883,62205567.0,0.72068334864247,7.2561069828728,0.4442
Iran,1996,457.85348037509,7343.717,2.2645998,18683.662,62881300.0,0.70587851532313,7.4347260916564,0.3283
Iran,1997,471.38178821147,7454.671,1.4810697,18984.059,63639638.0,0.71705221117341,7.5167800692621,0.4633
Iran,1998,456.52475735075,7589.742,1.7921339,19468.623,64519859.0,0.68030177266263,7.14429531727,0.605
Iran,1999,482.39173794188,7767.14,1.1498691,20652.555,65445391.0,0.70473441054001,7.4142594442265,0.38
Iran,2000,512.10240970909,8274.631,0.8082891,21307.21,66418659.0,0.7068217819243,7.7436518489427,0.3917
Iran,2001,517.62058451771,8519.948,0.8181908,22379.375,67452005.0,0.69774685136721,7.7145805813383,0.5325
Iran,2002,533.95770120068,9198.535,1.4433478,24156.205,68011317.0,0.66596678522634,7.8542480462213,0.6267
Iran,2003,580.98786003858,9939.515,1.6837656,24372.035,68769340.0,0.66699997913421,8.4430324640449,0.6167
Iran,2004,608.62464981897,10488.917,1.8843321,26526.402,70256316.0,0.66968619324458,8.7424591058658,0.5325
Iran,2005,651.4452943625,10994.787,2.1426384,27646.455,71828455.0,0.69464509121655,9.2506197564178,0.675
Iran,2006,698.00231773322,11713.818,2.500738,29747.424,73392747.0,0.70884851219297,9.7995633415167,0.6375
Iran,2007,721.97047800413,12823.953,2.2706358,31167.166,74602648.0,0.67790103817156,10.023038354324,0.6608
Iran,2008,737.41834329886,12970.655,0.9233144,31688.732,75514204.0,0.69067335864954,10.123045943797,0.5433
Iran,2009,758.18933581322,13014.598,0.8159316,32012.967,76457825.0,0.70304530078076,10.289239109609,0.655
Iran,2010,768.06183107188,13755.922,1.1913837,32248.412,77420842.0,0.67316978845795,10.300222363253,0.7233
Iran,2011,776.72852221191,14220.902,1.1921026,33107.25,78383598.0,0.66321883292502,10.288939725902,0.6058
Iran,2012,766.84611752084,13779.996,1.3767738,32998.57,79370580.0,0.6802715663966,10.030215941706,0.6433
Iran,2013,786.89540591177,13625.979,1.5277675,33801.54,80414686.0,0.70884583849406,10.161959593568,0.6733
Iran,2014,806.41793121245,14376.28,1.444072,34628.117,81502045.0,0.69194032015635,10.284486905712,0.7458
Iran,2015,801.40231760066,14127.202,1.320366,33449.17,82619362.0,0.69757637455917,10.098251870901,0.8975
Iran,2016,847.11472836258,15327.154,1.4484855,34628.83,83812228.0,0.67763259814031,10.552343852225,1.0133
Iran,2017,875.39939845534,15805.786,1.5695099,35445.574,85026754.0,0.68146024156515,10.785722011258,0.92
Iran,2018,865.53385640873,15568.857,0.92631114,36159.855,86117998.0,0.6863963646239,10.553780582849,0.8475
Iran,2019,876.71435534576,13987.376,2.8355055,37705.78,87051648.0,0.71728781566845,10.585682766394,0.9758
Iran,2020,889.28585763796,14729.12,1.9334664,38812.543,87723443.0,0.70412389047301,10.639028619322,1.0092
Iran,2021,931.6299738882,15734.664,1.2263017,37783.53,88455488.0,0.70440500856835,11.050315200078,0.8483
Iran,2022,960.49430778618,17318.121,1.2014121,39151.336,89524246.0,0.69980043558223,11.302326466619,0.8933
Iran,2023,996.7526808229,18658.141,1.8229214,39598.59,90608707.0,0.69195114320046,11.643082863051,1.1692
Japan,1970,1016.2834671243,,6.541671,32431.113,,,,0.0258
Japan,1971,1006.1546884412,,6.9699736,33540.332,,,,-0.0808
Japan,1972,1049.2524506277,,6.579958,35437.47,,,,0.0083
Japan,1973,1162.7489615231,,4.7081666,38378.52,,,,0.16
Japan,1974,1157.9338337636,,5.8826437,37541.438,,,,-0.0708
Japan,1975,1099.8651230828,,5.997585,36740.617,,,,-0.0133
Japan,1976,1135.9442534682,,5.766711,37881.84,,,,-0.0992
Japan,1977,1163.929280322,,5.070976,37336.387,,,,0.1775
Japan,1978,1158.2413451418,,4.7853446,37798.812,,,,0.0683
Japan,1979,1183.9643364207,,5.4248686,38184.77,,,,0.1658
Japan,1980,1154.3769497651,8800.027,6.1456776,36544.836,116807000.0,,,0.2558
Japan,1981,1127.6745867764,9970.132,6.199062,35733.258,117661000.0,,,0.3225
Japan,1982,1084.915338613,10856.993,6.6420836,34431.473,118480000.0,,,0.1367
Japan,1983,1088.6170920021,11611.353,6.726596,35231.09,119307000.0,,,0.3117
Japan,1984,1161.6361361454,12479.54,5.7186503,36283.402,120083000.0,,,0.155
Japan,1985,1133.8775312295,13454.365,6.3615613,36997.395,120837000.0,,,0.1158
Japan,1986,1129.460289709,14102.047,6.313782,36767.945,121482000.0,,,0.18
Japan,1987,1131.8694432453,15050.83,5.7358527,38195.41,122069000.0,,,0.3192
Japan,1988,1206.1797720521,16549.425,6.444453,40125.457,122578000.0,,,0.3858
Japan,1989,1236.8354938729,17975.127,6.4262824,41052.375,123069000.0,,,0.2717
Japan,1990,1317.2179631491,19485.591,5.6428037,41914.78,123478000.0,0.30078405883469,10.578704448818,0.445
Japan,1991,1331.6689090813,20771.982,5.8870516,43228.3,123964000.0,0.2937345843907,10.658467336972,0.4033
Japan,1992,1341.4583046014,21361.108,5.0480127,43604.055,124425000.0,0.29325289817306,10.702470098383,0.22
Japan,1993,1338.648588379,21696.691,5.6211276,44213.79,124829000.0,0.29398872722405,10.648026443143,0.23
Japan,1994,1399.7861920768,22337.983,4.068079,45703.57,125178000.0,0.30412073393735,11.103862291686,0.3133
Japan,1995,1418.3491512523,23346.612,4.6962857,47131.613,125472000.0,0.30025408097734,11.223336508426,0.4442
Japan,1996,1431.9091379435,24465.497,4.5733137,47956.695,125757000.0,0.2939137525678,11.305676393509,0.3283
Japan,1997,1413.1042771566,25071.797,4.994817,48774.598,126057000.0,0.28723542919368,11.135310253947,0.4633
Japan,1998,1357.1363857005,24964.62,5.194057,47896.113,126400000.0,0.27940849584257,10.675437835397,0.605
Japan,1999,1387.4117590561,25185.818,4.8818135,48548.125,126631000.0,0.28659865651767,10.895675685243,0.38
Japan,2000,1391.1212983775,26417.417,4.8190794,49314.926,126843000.0,0.27963404303065,10.907846523175,0.3917
Japan,2001,1369.3248131859,27052.325,4.7145886,48681.13,127149000.0,0.27419398473535,10.720967187676,0.5325
Japan,2002,1397.2266439819,27426.44,4.7228813,48435.285,127445000.0,0.27966370128264,10.924111587835,0.6267
Japan,2003,1401.550388722,28345.164,5.3383565,48335.68,127718000.0,0.27628776210113,10.943798520637,0.6167
Japan,2004,1392.1879610728,29720.361,5.2529583,48931.176,127761000.0,0.26857087577767,10.858314704378,0.5325
Japan,2005,1401.4085500102,31200.987,4.7229195,49706.562,127773000.0,0.26555922030307,10.919839720248,0.675
Japan,2006,1371.6851937168,32606.041,5.2366915,49536.465,127854000.0,0.25640799218997,10.680161593441,0.6375
Japan,2007,1406.3790198439,33983.429,4.6928535,49017.004,128001000.0,0.25904907176665,10.944157972699,0.6608
Japan,2008,1330.0325604477,34231.458,4.7652874,48084.367,128063000.0,0.24802289360973,10.346341607874,0.5433
Japan,2009,1261.908427541,32517.785,4.9600253,43881.684,128047000.0,0.24952524830465,9.815181405316,0.655
Japan,2010,1324.2255097132,34249.99,5.649895,46709.957,128070000.0,0.25153971371358,10.301088353524,0.7233
Japan,2011,1374.0402310984,34900.287,5.6971593,44288.176,127833000.0,0.26094000726124,10.692504038956,0.6058
Japan,2012,1411.2659723859,36117.685,5.6249747,43924.3,127629000.0,0.26437494298093,10.98894283304,0.6433
Japan,2013,1427.9737405338,37533.424,6.106115,43669.05,127445000.0,0.26224653295176,11.128831377442,0.6733
Japan,2014,1375.834083133,38364.455,6.918495,42605.56,127276000.0,0.2519249002592,10.735033382081,0.7458
Japan,2015,1333.5836784813,39368.764,8.037719,42152.383,127141000.0,0.24043624173885,10.420657771228,0.8975
Japan,2016,1331.3498243525,40047.948,7.962104,41699.695,127076000.0,0.2382375940374,10.421606617911,1.0133
Japan,2017,1316.8112889211,41518.116,8.4127655,42275.17,126972000.0,0.23175336681403,10.329227890595,0.92
Japan,2018,1276.5143002068,42247.099,9.054853,42109.38,126811000.0,0.2232250527127,10.036647154468,0.8475
Japan,2019,1236.4920768073,42817.548,9.284181,41382.203,126633000.0,0.21709944233946,9.7473064678612,0.9758
Japan,2020,1168.7533725269,42564.888,10.928532,38526.55,126261000.0,0.21408442653061,9.2394750352708,1.0092
Japan,2021,1181.7695634668,44663.481,11.268134,40425.16,125681593.0,0.21106677075776,9.371016846274,0.8483
Japan,2022,1107.575787389,48567.965,11.606308,40377.67,125124989.0,0.19594483345866,8.8114735227495,0.8933
Japan,2023,1041.0128248687,51399.027,12.584244,39209.965,124516650.0,0.18069411517655,8.3109488006248,1.1692
Russia,1970,1723.1594173883,,,,,,,0.0258
Russia,1971,1737.9473948484,,,,,,,-0.0808
Russia,1972,1821.0259555946,,,,,,,0.0083
Russia,1973,1922.6388043384,,,,,,,0.16
Russia,1974,2014.0701935224,,,,,,,-0.0708
Russia,1975,2112.2060183409,,,,,,,-0.0133
Russia,1976,2188.4112686548,,,,,,,-0.0992
Russia,1977,2236.8532898586,,,,,,,0.1775
Russia,1978,2373.5956947695,,,,,,,0.0683
Russia,1979,2407.9242489254,,,,,,,0.1658
Russia,1980,2476.9360303918,,,,,,,0.2558
Russia,1981,2473.3978643282,,,,,,,0.3225
Russia,1982,2511.1613928741,,,,,,,0.1367
Russia,1983,2559.0915259382,,,,,,,0.3117
Russia,1984,2608.572630091,,,,,,,0.155
Russia,1985,2654.6991957513,,4.942973,66867.6,,,,0.1158
Russia,1986,2731.5746288667,,4.9969373,67509.16,,,,0.18
Russia,1987,2803.7407822132,,4.785533,69110.766,,,,0.3192
Russia,1988,2860.9643191616,,4.6569443,69764.81,,,,0.3858
Russia,1989,2874.9623542554,,4.6052628,69605.836,,,,0.2717
Russia,1990,3065.6963564046,,4.8983045,68079.16,,0.69187999320933,20.775367674864,0.445
Russia,1991,2994.9979030763,,5.0031915,66946.99,,0.71185114815133,20.23155112997,0.4033
Russia,1992,2752.8668978737,10914.894,5.33678,64323.957,,0.76554307624417,18.56057186125,0.22
Russia,1993,2518.6164924864,10206.91,5.7802973,59901.234,,0.76687761976185,16.968264661542,0.23
Russia,1994,2279.1286525751,9104.043,6.3942966,54683.01,,0.79372703184866,15.356768000037,0.3133
Russia,1995,2210.0594370526,8915.733,6.7691536,51845.484,,0.80294323808548,14.903731480418,0.4442
Russia,1996,2146.9560203704,8766.589,6.157421,50010.332,,0.81044990564071,14.499209993081,0.3283
Russia,1997,2010.7304961639,9055.431,6.6424475,47390.88,,0.74854738629154,13.607347304126,0.4633
Russia,1998,2000.6363180167,8684.472,6.6997995,47388.21,,0.78647229230985,13.574587759343,0.605
Russia,1999,2058.8018721076,9395.419,6.699299,48097.676,,0.76065645175969,14.01308107887,0.38
Russia,2000,2089.1018879132,10618.878,6.7286224,49127.297,,0.70168254200588,14.270114057172,0.3917
Russia,2001,2097.1865968859,11458.28,6.9759703,50112.773,,0.67021662357961,14.38251618364,0.5325
Russia,2002,2090.6955181077,12244.827,6.4927287,50130.184,,0.63814924859451,14.399225309602,0.6267
Russia,2003,2156.8016117102,13465.93,6.075377,51387.617,,0.61353895780253,14.917187893357,0.6167
Russia,2004,2170.4485675472,14875.94,6.7542715,52053.33,,0.57595276781891,15.067850790344,0.5325
Russia,2005,2174.7407266241,16386.143,6.60369,52182.89,,0.54237963117435,15.142535938898,0.675
Russia,2006,2213.2898289948,18330.602,6.309633,54674.26,,0.510160274106,15.442670254184,0.6375
Russia,2007,2226.296292442,20472.076,6.371351,55047.945,,0.47295700576803,15.552192053385,0.6608
Russia,2008,2217.4016799669,21971.026,5.8674455,55313.555,,0.44778285309028,15.497310514015,0.5433
Russia,2009,2104.3271147969,20371.457,6.4854555,52542.598,,0.46089859945588,14.706010177687,0.655
Russia,2010,2203.2547135947,21539.793,5.9321156,54552.457,,0.46178577929639,15.390800914095,0.7233
Russia,2011,2297.9780437827,22835.402,5.585331,56363.645,,0.46178230976066,16.040163924115,0.6058
Russia,2012,2304.1593530994,24135.854,5.530701,56592.63,,0.44511273370797,16.065704134105,0.6433
Russia,2013,2254.9603373371,24903.206,6.162879,55798.14,,0.42809371775706,15.703394483528,0.6733
Russia,2014,2242.6721130807,25052.774,5.856428,55846.12,,0.42264902934715,15.600003570069,0.7458
Russia,2015,2257.6370999696,24709.731,5.736873,54818.855,,0.43403152095841,15.690238939989,0.8975
Russia,2016,2246.9399086934,24921.954,6.1516156,55724.008,,0.43113990700642,15.607542868097,1.0133
Russia,2017,2298.1917113165,25777.812,6.105612,55933.996,,0.43306713942654,15.960773050046,0.92
Russia,2018,2401.4942355773,28448.51,6.037737,57892.727,,0.44017644933384,16.681131456397,0.8475
Russia,2019,2482.834013397,30963.855,6.198256,57430.348,,0.44529746435369,17.2544181941,0.9758
Russia,2020,2395.6156064636,31490.712,7.0554256,55480.83,,0.44136716101037,16.660881991299,1.0092
Russia,2021,2547.9553556568,38938.47,6.949851,57444.508,,0.44447978340002,17.738974600078,0.8483
Russia,2022,2621.5180167847,41335.869,6.2413483,59650.24,,0.46697755960177,18.275932381848,0.8933
Russia,2023,2672.0394366031,44512.053,6.3073745,60175.367,,0.45943732282435,18.658972072031,1.1692
Saudi Arabia,1970,80.469656317337,,0.0,43047.36,,,,0.0258
Saudi Arabia,1971,91.977399998117,,0.0,41157.68,,,,-0.0808
Saudi Arabia,1972,117.79990003217,,0.0,41962.844,,,,0.0083
Saudi Arabia,1973,155.32305689372,,0.0,42461.61,,,,0.16
Saudi Arabia,1974,166.6197996579,,0.0,42674.32,,,,-0.0708
Saudi Arabia,1975,138.84408025189,,0.0,32068.316,,,,-0.0133
Saudi Arabia,1976,170.77400687411,,0.0,35193.492,,,,-0.0992
Saudi Arabia,1977,183.87734119878,,0.0,39492.14,,,,0.1775
Saudi Arabia,1978,188.12776397978,,0.0,41836.266,,,,0.0683
Saudi Arabia,1979,220.74838179269,,0.0,48217.637,,,,0.1658
Saudi Arabia,1980,262.07230229401,37232.399,0.0,41282.754,6047997.0,,,0.2558
Saudi Arabia,1981,248.33065497511,39970.306,0.0,46940.105,6420551.0,,,0.3225
Saudi Arabia,1982,232.5487998127,33906.593,0.0,49267.5,6824486.0,,,0.1367
Saudi Arabia,1983,223.73089429736,29866.184,0.0,50909.34,7252941.0,,,0.3117
Saudi Arabia,1984,181.70404350225,28288.352,0.0,58105.363,7697307.0,,,0.155
Saudi Arabia,1985,174.54402088627,25787.71,0.0,56611.297,8151779.0,,,0.1158
Saudi Arabia,1986,185.7376315414,25305.677,0.0,58194.637,8628639.0,,,0.18
Saudi Arabia,1987,193.85229928134,23923.058,0.0,59031.215,9130194.0,,,0.3192
Saudi Arabia,1988,212.11470080181,25143.11,0.0,59147.156,9629165.0,,,0.3858
Saudi Arabia,1989,214.00261999574,24987.068,0.0,55789.254,10128394.0,,,0.2717
Saudi Arabia,1990,236.53829011713,27013.704,0.0,58003.78,10640691.0,0.3502024294045,14.487731224771,0.445
Saudi Arabia,1991,251.95058399885,28712.114,0.0,58390.523,11160744.0,0.32434364018055,14.93677800122,0.4033
Saudi Arabia,1992,267.35112913394,29943.808,0.0,56810.156,11686676.0,0.3309717946733,15.383750842057,0.22
Saudi Arabia,1993,277.43051015096,30000.696,0.0,56193.195,12215862.0,0.3481981363625,15.533797140309,0.23
Saudi Arabia,1994,294.45351844067,30160.002,0.0,63132.098,12750040.0,0.36750995204407,16.080602391814,0.3133
Saudi Arabia,1995,291.15277052269,30116.05,0.0,59823.926,13289245.0,0.3626212957578,15.539916653945,0.4442
Saudi Arabia,1996,308.17980083483,30888.881,0.0,60202.79,13831009.0,0.37396491085655,16.108417533461,0.3283
Saudi Arabia,1997,314.02090171724,31447.027,0.0,59696.375,14374943.0,0.3768928655162,16.099012675993,0.4633
Saudi Arabia,1998,330.01618492699,31874.812,0.0,61183.16,14922185.0,0.38495264518715,16.598324399708,0.605
Saudi Arabia,1999,331.26816243605,31318.053,0.0,60706.832,15472075.0,0.40152337666125,16.323131622684,0.38
Saudi Arabia,2000,350.22151150701,32700.131,0.0,61950.85,16177722.0,0.40188845789764,16.866521456214,0.3917
Saudi Arabia,2001,362.37566667467,32712.84,0.0,64399.926,17041397.0,0.42093217136034,17.010067152482,0.5325
Saudi Arabia,2002,380.24958166766,32167.707,0.0,65480.074,17910910.0,0.45450775090135,17.358001200676,0.6267
Saudi Arabia,2003,407.28940908462,34787.183,0.0,67781.14,18786767.0,0.43762952256021,18.056489913489,0.6167
Saudi Arabia,2004,429.6645628464,37835.619,0.0,71949.19,19669480.0,0.4276380344128,18.496982763729,0.5325
Saudi Arabia,2005,457.06392516727,40308.352,0.0,74232.79,20559890.0,0.43089101779453,19.119453736406,0.675
Saudi Arabia,2006,480.73675026334,41855.019,0.0,74860.33,21459144.0,0.44091379638114,19.559397936491,0.6375
Saudi Arabia,2007,502.46681849011,42842.075,0.0,73638.34,22368313.0,0.45248578036511,19.89762711602,0.6608
Saudi Arabia,2008,538.81705469127,45231.6,8.0401885e-05,77575.414,23287877.0,0.45667890534414,20.771026905631,0.5433
Saudi Arabia,2009,558.38244028736,43899.458,7.712719e-05,77417.27,24217654.0,0.48321232880639,20.943399293604,0.655
Saudi Arabia,2010,603.14517854007,44338.597,0.000463029,83337.16,23978487.0,0.49690736923851,21.991970251992,0.7233
Saudi Arabia,2011,634.09335080778,47999.712,0.0005816572,84816.25,25091867.0,0.47066099203594,22.455320874449,0.6058
Saudi Arabia,2012,669.54919770612,49416.971,0.0025898875,88062.086,26168861.0,0.47147661107403,23.019321664423,0.6433
Saudi Arabia,2013,678.18587208624,48817.433,0.00423848,86753.6,27624004.0,0.46575250670149,22.648094709911,0.6733
Saudi Arabia,2014,720.93361053924,50312.646,0.004239704,91258.06,28309273.0,0.47693214259309,23.424656003474,0.7458
Saudi Arabia,2015,752.73404163125,50386.795,0.0040422482,93332.54,29816382.0,0.47648467667196,23.853080341828,0.8975
Saudi Arabia,2016,757.29251768446,49919.184,0.0038626192,95158.55,30954198.0,0.4705036100561,23.463240691623,1.0133
Saudi Arabia,2017,752.53587973235,51237.778,0.005842626,93054.375,30977355.0,0.46332718878638,22.846903585011,0.92
Saudi Arabia,2018,736.55308882043,56700.065,0.014015297,88573.47,30196281.0,0.4394284656518,21.951050833102,0.8475
Saudi Arabia,2019,738.50464332793,56188.195,0.01887056,82824.38,30063799.0,0.43580874575112,21.631233845764,0.9758
Saudi Arabia,2020,733.06349148116,45434.472,0.019380186,80184.54,31552510.0,0.44866695920967,21.119881723958,1.0092
Saudi Arabia,2021,751.18046526084,55768.27,0.07336859,82945.31,30784383.0,0.4375492340794,21.302227980059,0.8483
Saudi Arabia,2022,786.95522212063,61440.746,0.18877396,86538.4,32175224.0,0.42646247826952,21.98444580737,0.8933
Saudi Arabia,2023,805.15810845823,61932.611,0.46517056,87198.66,33264292.0,0.43964583862053,22.173944767652,1.1692
South Korea,1970,99.677830144596,,,5136.8066,,,,0.0258
South Korea,1971,100.21640547095,,,5443.0474,,,,-0.0808
South Korea,1972,102.33358441778,,,5528.8477,,,,0.0083
South Korea,1973,118.85535446783,,,6703.382,,,,0.16
South Korea,1974,125.25301569356,,,6839.5864,,,,-0.0708
South Korea,1975,133.89714826707,,,7391.927,,,,-0.0133
South Korea,1976,143.49403614134,,,8150.316,,,,-0.0992
South Korea,1977,158.97123540761,,,9255.949,,,,0.1775
South Korea,1978,166.82767766999,,,10251.956,,,,0.0683
South Korea,1979,184.47135940156,,,11689.877,,,,0.1658
South Korea,1980,187.00312293022,2249.499,,11894.838,38123775.0,,,0.2558
South Korea,1981,193.52885385727,2599.872,,12272.544,38723248.0,,,0.3225
South Korea,1982,192.75756421345,2944.837,,12068.728,39326352.0,,,0.1367
South Korea,1983,208.43969962834,3418.714,,12908.779,39910403.0,,,0.3117
South Korea,1984,231.4259627947,3867.828,,13887.152,40405956.0,,,0.155
South Korea,1985,241.89773551339,4260.76,,15137.73,40805744.0,,,0.1158
South Korea,1986,250.85849963752,4790.993,1.3128163,16754.162,41213674.0,,,0.18
South Korea,1987,256.34348347347,5480.16,1.5100771,18311.111,41621690.0,,,0.3192
South Korea,1988,282.38741691868,6291.63,0.677997,20161.307,42031247.0,,,0.3858
South Korea,1989,293.4783691223,6931.893,0.9301871,21626.703,42449038.0,,,0.2717
South Korea,1990,325.07492265372,7824.181,1.2995178,24162.186,42869283.0,0.54618803148264,7.5734260259328,0.445
South Korea,1991,354.74621774005,8872.391,0.85526127,27100.135,43295704.0,0.53805013543885,8.1780026727785,0.4033
South Korea,1992,375.42390859035,9537.466,0.67404026,30416.184,43747962.0,0.53617669281161,8.5608848707364,0.22
South Korea,1993,400.16561912042,10329.527,0.83896816,33184.63,44194628.0,0.53473621303619,9.0248129055633,0.23
South Korea,1994,429.4408346569,11412.555,0.43198675,35601.617,44641540.0,0.52517920224405,9.5801943665806,0.3133
South Korea,1995,463.61796671377,12644.212,0.51026386,38704.72,45092991.0,0.51724484680185,10.234708506548,0.4442
South Korea,1996,493.75819869663,13759.97,0.43619755,42497.312,45524681.0,0.51058283501758,10.79078353782,0.3283
South Korea,1997,522.9140083978,14722.252,0.40268743,46366.664,45953580.0,0.50930517576049,11.317848093856,0.4633
South Korea,1998,449.26479095683,14022.48,0.66056716,42083.44,46286503.0,0.46123129898234,9.6352100039367,0.605
South Korea,1999,488.47676819135,15739.33,0.5941213,45614.86,46616677.0,0.44989815457007,10.38784039924,0.38
South Korea,2000,538.53687943764,17432.121,0.54236543,47970.94,47008111.0,0.45479631361843,11.364822308997,0.3917
South Korea,2001,543.04908276473,18524.335,0.31239682,48840.297,47370164.0,0.43738330002968,11.38162259877,0.5325
South Korea,2002,549.68602509639,20152.219,0.4188234,50816.59,47644736.0,0.41098004029248,11.450647123603,0.6267
South Korea,2003,551.58646786528,21072.419,0.5987888,52214.47,47892330.0,0.39981751022034,11.428291057693,0.6167
South Korea,2004,573.46856880182,22670.69,0.5348952,53221.83,48082519.0,0.39514169318989,11.824557432672,0.5325
South Korea,2005,573.38720855909,24348.952,0.45388284,54823.37,48184561.0,0.3787663240255,11.771810024105,0.675
South Korea,2006,580.65463762884,26277.959,0.45052037,55548.69,48438292.0,0.36438462291781,11.875347937376,0.6375
South Korea,2007,594.76974743712,28422.675,0.50456274,57011.746,48683638.0,0.35278263412863,12.122720197646,0.6608
South Korea,2008,602.70209842316,29614.869,0.52959335,57747.695,49054708.0,0.3470316303511,12.245313769295,0.5433
South Korea,2009,611.80269872673,29887.594,0.5703038,57844.7,49307835.0,0.34950119953762,12.389886808906,0.655
South Korea,2010,663.99919539025,32202.01,0.66277707,62181.16,49554112.0,0.35515175324063,13.399804964062,0.7233
South Korea,2011,693.48440703574,33817.494,0.7799186,64597.434,49936638.0,0.35773742878775,13.94087022548,0.6058
South Korea,2012,698.62961418867,35139.529,0.85641724,64799.957,50199853.0,0.35193623277993,13.985962864552,0.6433
South Korea,2013,695.6804885967,36746.215,1.1068002,64390.82,50428893.0,0.33970008619236,13.866684910751,0.6733
South Korea,2014,691.31892316147,38346.444,1.3296236,64335.42,50746659.0,0.32709526347919,13.720565462656,0.7458
South Korea,2015,709.36044328159,39623.062,1.5059777,64899.633,51014947.0,0.32646092458927,14.020726756407,0.8975
South Korea,2016,726.39148897326,41104.719,1.697326,66408.734,51217803.0,0.32472953462291,14.301325388815,1.0133
South Korea,2017,736.57361055291,43155.911,2.0170283,66893.76,51361911.0,0.31919596915938,14.447662330788,0.92
South Korea,2018,741.1557085513,45511.086,2.5112455,67787.555,51585058.0,0.31210740988045,14.485759659182,0.8475
South Korea,2019,722.1928912986,46511.218,2.9624653,66842.08,51764822.0,0.29744734255111,14.067074607581,0.9758
South Korea,2020,689.10658908698,47881.492,3.6470644,64557.53,51836239.0,0.28584803994611,13.378898471265,1.0092
South Korea,2021,710.52298066201,51880.381,4.069307,67653.84,51769539.0,0.28256796360529,13.751968967852,0.8483
South Korea,2022,668.32490885024,57202.241,4.6026564,68364.16,51672569.0,0.25901889311719,12.897792401147,0.8933
South Korea,2023,653.8461399874,60046.345,4.7778306,66698.02,51712619.0,0.25001539681423,12.583643956647,1.1692
United States,1970,5788.649392841,,4.4008036,90880.0,,,,0.0258
United States,1971,5661.5607375863,,4.614475,91613.02,,,,-0.0808
United States,1972,5930.7828979737,,4.5260477,95080.08,,,,0.0083
United States,1973,6128.9859194947,,4.35476,98110.68,,,,0.16
United States,1974,5949.0547879486,,4.9028654,94814.6,,,,-0.0708
United States,1975,5729.8846947946,,5.0069757,91442.54,,,,-0.0133
United States,1976,6043.495268116,,4.5527077,95543.23,,,,-0.0992
United States,1977,6199.4350974707,,3.549314,96991.73,,,,0.1775
United States,1978,6193.0810690322,,4.3275704,98031.71,,,,0.0683
United States,1979,6258.5926703357,,4.2914057,97904.82,,,,0.1658
United States,1980,6025.7720068268,12552.943,4.4192214,92999.71,227225000.0,,,0.2558
United States,1981,5945.6839677308,13948.701,4.336748,89243.24,229466000.0,,,0.3225
United States,1982,5676.4835103279,14404.994,5.256712,84728.15,231664000.0,,,0.1367
United States,1983,5645.1910636532,15513.679,5.684815,83556.28,233792000.0,,,0.3117
United States,1984,5872.8176836815,17086.441,5.334361,86935.65,235825000.0,,,0.155
United States,1985,5881.1209670876,18199.32,4.7657766,85837.016,237924000.0,,,0.1158
United States,1986,5832.4581109441,19034.766,4.898491,85770.56,240133000.0,,,0.18
United States,1987,5991.3945106091,20000.968,4.2149115,87783.98,242289000.0,,,0.3192
United States,1988,6227.0456077348,21375.999,3.6650505,90861.3,244499000.0,,,0.3858
United States,1989,6291.0605527151,22814.077,4.3017926,92045.09,246819000.0,,,0.2717
United States,1990,6209.2947104306,23847.977,4.7241364,91135.34,249623000.0,0.56030220114575,24.588344787555,0.445
United States,1991,6151.7908661607,24302.776,4.723572,89758.71,252981000.0,0.55571519280703,24.12703546374,0.4033
United States,1992,6249.6824703988,25392.931,4.260531,89793.59,256514000.0,0.54534824551925,24.274948027328,0.22
United States,1993,6372.3573975098,26364.192,4.5701666,90410.414,259919000.0,0.54116122614154,24.5071817485,0.23
United States,1994,6479.2191400226,27674.021,4.2541485,90836.94,263126000.0,0.52892573335515,24.660005406504,0.3133
United States,1995,6543.4297363111,28671.48,4.761651,91633.54,266278000.0,0.52020302281834,24.63093565558,0.4442
United States,1996,6711.3773144735,29946.973,5.017779,93557.016,269394000.0,0.51415689364501,24.967642897306,0.3283
United States,1997,6992.3475141524,31440.087,5.114446,93078.266,272657000.0,0.5128737947031,25.694218408093,0.4633
United States,1998,7038.5344661155,32833.666,4.6955967,92495.01,275854000.0,0.49410990339585,25.544232534846,0.605
United States,1999,7043.7367453454,34496.241,4.583457,93004.266,279040000.0,0.47187951024407,25.258861888972,0.38
United States,2000,7203.3344196784,36312.782,4.0272355,94002.734,282162411.0,0.4636650617008,25.54527904141,0.3917
United States,2001,7118.6222158855,37101.453,3.4206345,90791.71,284968955.0,0.45387534382998,24.990599388051,0.5325
United States,2002,6947.4117148217,37945.761,4.0155954,91199.055,287625193.0,0.43555280881835,24.164321964555,0.6267
United States,2003,7015.2908827187,39405.354,4.179569,90629.31,290107933.0,0.42784741712747,24.188322796172,0.6167
United States,2004,7110.3990221515,41641.617,4.101272,91509.82,292805298.0,0.41758031951046,24.305815706406,0.5325
United States,2005,7123.6333051563,44034.256,4.2188497,90662.73,295516599.0,0.40427444191209,24.137272748015,0.675
United States,2006,7011.7599384122,46216.853,4.6785374,89073.19,298379912.0,0.38714528483961,23.543063379865,0.6375
United States,2007,7106.6267833807,47943.353,4.372536,89404.8,301231207.0,0.38467489555815,23.641866246366,0.6608
United States,2008,6927.6771034867,48470.553,5.004221,86384.33,304093966.0,0.37456306504338,22.835434493964,0.5433
United States,2009,6461.8830576012,47102.428,5.798852,81392.37,306771529.0,0.35861849237685,21.112021383473,0.655
United States,2010,6709.5342928681,48586.288,5.8401756,83402.88,309327143.0,0.36259002267073,21.738959802597,0.7233
United States,2011,6509.5921766002,50008.108,6.8965087,81971.984,311583481.0,0.34636636916256,20.927732675993,0.6058
United States,2012,6268.2529953077,51736.738,6.8864713,79100.78,313877662.0,0.32606113698947,20.004956339725,0.6433
United States,2013,6409.4189264495,53363.904,7.1343727,80559.26,316059947.0,0.32648978830574,20.31273329543,0.6733
United States,2014,6448.3313336273,55263.817,7.2629757,80724.13,318386329.0,0.32038598486039,20.295705744461,0.7458
United States,2015,6328.9979183693,57006.926,7.468629,79318.57,320738994.0,0.30545943058612,19.78250773819,0.8975
United States,2016,6206.2848173014,58179.697,8.28383,78625.45,323071755.0,0.2941843288342,19.263408084086,1.0133
United States,2017,6151.7723767192,60292.978,9.080356,78303.61,325122128.0,0.28460584593934,18.960091650744,0.92
United States,2018,6337.3996990075,63165.278,8.962757,80595.484,326838199.0,0.28474669085836,19.394261315057,0.8475
United States,2019,6212.4567480117,65561.32,9.312867,79500.234,328329953.0,0.27241234483438,18.877504752414,0.9758
United States,2020,5671.6044371377,64461.618,10.519768,73294.336,331526933.0,0.25432573116829,17.112446630192,1.0092
United States,2021,5997.6507451719,71257.958,10.502109,77023.77,332048977.0,0.2542020371666,17.968712442431,0.8483
United States,2022,6046.2157391416,77979.858,11.292717,78347.914,333271411.0,0.25139466311758,17.986659940924,0.8933
United States,2023,5960.8043799939,82715.1,11.655809,77027.836,334914895.0,0.24169770913755,17.608217969757,1.1692
World,1970,24002.751736565,,6.2402315,15469.435,,,,0.0258
World,1971,24048.408216691,,6.2751184,15765.528,,,,-0.0808
World,1972,24971.278726292,,6.231038,16307.7295,,,,0.0083
World,1973,26185.418697978,,5.98148,16919.732,,,,0.16
World,1974,26182.14841976,,6.527657,16691.398,,,,-0.0708
World,1975,26194.503676609,,6.5613737,16501.822,,,,-0.0133
World,1976,27323.85886251,,6.2220235,17077.406,,,,-0.0992
World,1977,27990.648330026,,6.216026,17387.459,,,,0.1775
World,1978,28695.04598176,,6.4746337,17757.373,,,,0.0683
World,1979,29385.106672151,,6.5883255,18028.04,,,,0.1658
World,1980,29094.828435051,,6.8036585,17552.455,4437602155.0,,,0.2558
World,1981,28567.590258327,,6.9859357,17163.963,4516925444.0,,,0.3225
World,1982,28355.747663826,,7.1871624,16770.496,4599538535.0,,,0.1367
World,1983,28582.583511447,,7.3960943,16752.643,4682924030.0,,,0.3117
World,1984,29372.789118096,,7.3479614,17197.037,4766039787.0,,,0.155
World,1985,29672.272666101,,7.309479,17346.605,4850740398.0,,,0.1158
World,1986,30150.598688739,,7.2850266,17415.582,4937711316.0,,,0.18
World,1987,30886.542731225,,7.1429477,17720.008,5027029981.0,,,0.3192
World,1988,31835.618411265,,7.10847,18053.043,5117166674.0,,,0.3858
World,1989,32401.592008859,,6.9876184,18080.6,5207654611.0,,,0.2717
World,1990,32726.22802224,,7.182692,17972.46,5299246388.0,0.54324198245184,6.1403375901112,0.445
World,1991,32778.707299969,,7.301195,17814.373,5388495973.0,0.53928032442687,6.0505354049602,0.4033
World,1992,32691.244712823,,7.2864876,17637.264,5477123965.5,0.5312067657086,5.9405161412798,0.22
World,1993,32754.499601386,,7.6539183,17508.812,5564778620.0,0.52485505262859,5.8628711159098,0.23
World,1994,33105.296608465,,7.6321683,17470.807,5650853176.5,0.51719043510163,5.8397547485787,0.3133
World,1995,33930.453464834,,7.8718243,17595.95,5736505516.0,0.51442815263192,5.9008704674566,0.4442
World,1996,34568.271769684,,7.755703,17848.607,5822614625.5,0.50577868187014,5.929245616774,0.3283
World,1997,34977.180827573,,7.847491,17781.023,5908466556.5,0.49244822911978,5.9192044396781,0.4633
World,1998,35063.25696746,,7.890869,17642.604,5994040063.5,0.48174093547506,5.8562326500928,0.605
World,1999,35288.379018521,,7.8530593,17704.828,6078404337.0,0.46853853681179,5.8180385864385,0.38
World,2000,36175.146339497,,7.8158455,17949.238,6161884825.5,0.45842833238974,5.8884156457861,0.3917
World,2001,36459.505245618,,7.552836,17886.389,6245109995.5,0.4512033423948,5.8599400039078,0.5325
World,2002,36898.841092887,,7.5668545,18029.49,6327526596.0,0.44494953565834,5.856462275773,0.6267
World,2003,38408.489243749,,7.3342075,18425.412,6409664474.0,0.44707277458238,6.0203670668242,0.6167
World,2004,39984.011493845,,7.518,19106.504,6492626975.5,0.44241416862219,6.1897474874498,0.5325
World,2005,41296.884921509,,7.5638204,19498.543,6575644307.5,0.43685193031499,6.314027599123,0.675
World,2006,42471.717655328,,7.705343,19798.291,6659721142.0,0.42701087941298,6.4135262422791,0.6375
World,2007,43748.941012064,,7.7473364,20149.217,6744171461.5,0.41805353859423,6.5250117667261,0.6608
World,2008,44027.325049928,,8.245706,20131.947,6830129091.0,0.40920913896725,6.485858554688,0.5433
World,2009,43604.463517238,,8.564856,19563.13,6916129027.0,0.40829412314519,6.3450667319633,0.655
World,2010,45814.943385457,,8.797048,20249.867,7000671233.0,0.40844561802145,6.5858175911829,0.7233
World,2011,47176.996289592,,8.980997,20458.84,7086201663.5,0.40484425547307,6.6999330228553,0.6058
World,2012,47789.989687533,,9.414955,20490.223,7175816385.0,0.39752252023845,6.7059313113163,0.6433
World,2013,48587.899105875,,9.847355,20591.31,7265314967.0,0.39154137010233,6.7373916584053,0.6733
World,2014,48930.176836513,,10.218171,20560.121,7353910925.5,0.38155160500282,6.7058919824714,0.7458
World,2015,48808.767176475,,10.504495,20471.756,7441471720.5,0.36872366834857,6.6127583782163,0.8975
World,2016,49058.441256192,,10.980251,20444.303,7528523333.5,0.35946198460441,6.5719922186355,1.0133
World,2017,49878.733808628,,11.337292,20691.545,7614113551.5,0.35242915953557,6.6083252442218,0.92
World,2018,51026.627449023,,11.743186,21020.674,7696494847.5,0.34821147579073,6.6874566927326,0.8475
World,2019,51278.347919753,,12.228147,21036.396,7776892015.0,0.34043513580754,6.649376950539,0.9758
World,2020,49327.538885203,,13.404395,20108.234,7856138789.5,0.33748638383442,6.3301379868105,1.0092
World,2021,51568.250032106,,13.469198,20953.705,7921184346.0,0.33167631299944,6.5484881689293,0.8483
World,2022,51968.471600641,,14.119935,21154.355,7989981519.5,0.32357122415802,6.5337700371956,0.8933
World,2023,52962.900858703,,14.562141,21393.71,8061876001.0,0.31972890142866,6.5941334458429,1.1692
